{"indexes":[{"v":{"$numberInt":"2"},"key":{"_id":{"$numberInt":"1"}},"name":"_id_"},{"v":{"$numberInt":"2"},"unique":true,"key":{"name.en":{"$numberInt":"1"}},"name":"name.en_1","background":true},{"v":{"$numberInt":"2"},"unique":true,"key":{"name.zh":{"$numberInt":"1"}},"name":"name.zh_1","background":true},{"v":{"$numberInt":"2"},"unique":true,"key":{"iso2":{"$numberInt":"1"}},"name":"iso2_1","background":true},{"v":{"$numberInt":"2"},"key":{"dialCode":{"$numberInt":"1"}},"name":"dialCode_1","background":true}],"uuid":"5db3ff5779384ec1ac95fbd0337b2d95","collectionName":"countries"}