{"indexes":[{"v":{"$numberInt":"2"},"key":{"_id":{"$numberInt":"1"}},"name":"_id_"},{"v":{"$numberInt":"2"},"key":{"email":{"$numberInt":"1"}},"name":"email_1","background":true},{"v":{"$numberInt":"2"},"key":{"socialMedia.socialMediaId":{"$numberInt":"1"}},"name":"socialMedia.socialMediaId_1","sparse":true,"background":true},{"v":{"$numberInt":"2"},"key":{"weight":{"$numberInt":"1"}},"name":"weight_1","sparse":true,"background":true},{"v":{"$numberInt":"2"},"key":{"height":{"$numberInt":"1"}},"name":"height_1","sparse":true,"background":true},{"v":{"$numberInt":"2"},"key":{"country":{"$numberInt":"1"}},"name":"country_1","sparse":true,"background":true},{"v":{"$numberInt":"2"},"key":{"plan":{"$numberInt":"1"}},"name":"plan_1","sparse":true,"background":true}],"uuid":"eda8c07b4dd54b879c74626732dee6e0","collectionName":"users"}